id	page	title	excerpt	human_label
1	%C3%89cole_nationale_d%27ing%C3%A9nieurs_de_Tunis	École nationale d'ingénieurs de Tunis	L'École nationale d'ingénieurs de Tunis (arabe : المدرسة الوطنية للمهندسين بتونس) ou ENIT est une école d'ingénieurs tunisienne, la plus ancienne du pays après l'Institut national agronomique de Tunisie (1898). Dépendant de l'université de Tunis - El Manar, elle se situe au sein du campus d'El Manar à Tunis. Fondée officiellement le 31 décembre 1968 par Mokhtar Latiri, elle forme des ingénieurs dans les domaines du génie civil, électrique, indust	1
2	%C3%89cole_sup%C3%A9rieure_priv%C3%A9e_des_technologies_d%27informatique_et_de_management	École supérieure privée des technologies d'informatique et de management	L'École supérieure privée des technologies d'informatique et de management (arabe : المدرسة العليا الخاصة للتكنولوجيا والإعلامية والتصرف بسوسة) ou ESTIM est une université privée située à Hammam Sousse en Tunisie. Fondée en 2010, elle est agréée par le ministère de l'Enseignement supérieur et de la Recherche scientifique (agrément no 09-2010). L'ESTIM offre plusieurs spécialités et parcours :	1
3	Institut_sup%C3%A9rieur_de_l%27informatique_et_des_technologies_de_la_communication_de_Hammam_Sousse	Institut supérieur de l'informatique et des technologies de la communication de Hammam Sousse	L'Institut supérieur de l'informatique et des technologies de la communication de Hammam Sousse (arabe : المعهد العالي للإعلامية وتقنيات الاتصال بحمام سوسة) ou ISITCOM est la seconde institution tunisienne d'enseignement des télécommunications après l'École supérieure des communications de Tunis. Elle est rattachée à l'université de Sousse. Situé à Hammam Sousse (gouvernorat de Sousse), l'institut forme des techniciens supérieurs en télécommunica	1
4	%C3%89tudes_d%27ing%C3%A9nieurs_en_Tunisie	Études d'ingénieurs en Tunisie	Les études d'ingénieurs en Tunisie est précédée de deux années préparatoires aboutissant à un concours d'accès aux écoles d'ingénieurs. En fonction de critères d'admissibilité, du score obtenu au concours ainsi que d'une liste personnelle de choix, chaque élève est affecté à une école d'ingénieurs pour une durée de trois ans. Un certain nombre d'établissements existe en Tunisie dont : Le génie industriel, le génie informatique, le génie civil, le	1
5	Licence_d%27informatique	Licence d'informatique	La Licence d'informatique en France est une formation de l'enseignement supérieur qui se prépare en 3 ans (Système LMD : L1, L2, L3) après le baccalauréat et permet une poursuite d'étude en Master. Les spécialisations de cette licence sont : base de données, génie logiciel, informatique productique, informatique de gestion, informatique industrielle, informatique scientifique, intelligence artificielle, Micro-informatique, réseau informatique, sy	1
6	Ariana	Ariana		1
7	Informatique	Informatique	L'informatique est un domaine d'activité scientifique, technique et industriel concernant le traitement automatique de l'information numérique par l'exécution de programmes informatiques hébergés par des dispositifs électriques-électroniques : systèmes embarqués, ordinateurs, robots et automates. Les champs d'application sont : Certains aspects de l'informatique sont très abstraits, comme la complexité algorithmique, d'autres sont plus proches d'	0
8	Universit%C3%A9_de_Tunis_-_El_Manar	Université de Tunis - El Manar	L'université de Tunis - El Manar (arabe : جامعة تونس المنار) est une université située à Tunis, capitale de la Tunisie, fondée en 1987 sous le nom de université des sciences, des techniques et de médecine de Tunis puis devenue université de Tunis - El Manar en 2000. L'université de Tunis El Manar est créée en 1987 sous le nom de « université des sciences, des techniques et de médecine de Tunis » par l'article 97 de la loi n°87-83 du 31 décembre 1	1
9	Institut_sup%C3%A9rieur_d%27informatique_%28Tunisie%29	Institut supérieur d'informatique (Tunisie)	L'Institut supérieur d'informatique (arabe : المعهد العالي للإعلامية) ou ISI est une école supérieure située à l'Ariana et rattachée à l'université de Tunis - El Manar. Elle est créée par le décret du 14 août 2001. L'ISI compte quatre départements : L'institut offre les formations suivantes :	2
10	%C3%89cole_nationale_des_sciences_de_l%27informatique	École nationale des sciences de l'informatique	L'École nationale des sciences de l'informatique (arabe : المدرسة الوطنيّة لعلوم الإعلامية) ou ENSI est une école tunisienne formant des ingénieurs dans les technologies de l'information et de la communication. Fondée en septembre 1984 par Habib Bourguiba Jr. et le professeur Mohamed Ben Ahmed, elle s'est installée sur l'avenue Mohammed-V à Tunis puis à la Charguia II avant d'emménager dans les nouveaux locaux qui se situent sur le campus de La M	1
11	Institut_pr%C3%A9paratoire_aux_%C3%A9tudes_d%27ing%C3%A9nieurs_d%27El_Manar	Institut préparatoire aux études d'ingénieurs d'El Manar	L'Institut préparatoire aux études d'ingénieurs d'El Manar (arabe : المعهد التّحضيري للدّراسات الهندسيّة بالمنار) ou IPEIEM est un établissement universitaire tunisien dépendant de l'université de Tunis - El Manar. Fondé selon la loi no 2001-1912 du 17 août 2001, l'institut s'ajoute aux autres établissements du campus d'El Manar pour offrir aux étudiants la possibilité d'intégrer les classes préparatoires. Il s'établit juste en face de l'École na	1
12	Gouvernorat_de_l%27Ariana	Gouvernorat de l'Ariana		1
