page	judge	omar (1 relevant, 0 not)	excerpt
Lac_Kariba	0		Lac Kariba: 
Dactylographie	0		Dactylographie: Cet article ne cite pas suffisamment ses sources (mai 2014). Si vous disposez d'ouvrages ou d'articles de référence ou si vous connaissez des sites web de qualité traitant du thème abordé ici, merci de compléter l'article en donnant les références utiles à sa vérifiabilité et en les liant à la section « Notes et références ». La dactylographie (du grec ancien « δάκτυλος » (doigt) et « γραφή » (écriture, - graphie)) est l'action de saisir un texte
Occupation_du_Japon	0		Occupation du Japon: 1945–1952(6 ans et 8 mois) Entités précédentes : Entités suivantes : modifier - modifier le code - voir Wikidata (aide) L'occupation du Japon est une période de l'histoire du Japon qui commence en septembre 1945 et s'achève en avril 1952. Le commandant en chef des forces alliées dans le Pacifique, le général Douglas MacArthur, devient gouverneur militaire du Japon après la signature des actes de capitulation du Japon le 2 septembre 1945, mettant 
Adolf_Eichmann	0		Adolf Eichmann: Pour les articles homonymes, voir Eichmann. modifier - modifier le code - modifier Wikidata Adolf Eichmann, né le 19 mars 1906 à Solingen en Allemagne et mort par pendaison le 31 mai 1962 dans la prison de Ramla près de Tel Aviv-Jaffa en Israël est un membre du parti nazi, criminel de guerre et fonctionnaire du Troisième Reich. Nommé pendant la guerre à la tête du Referat IV B4 (« bureau IV B4 ») du RSHA, qui s'occupe des « affaires juives et de 
1993	0		1993: 
Émirat_de_Bari	0		Émirat de Bari: Cet article est une ébauche concernant l’histoire de l'Italie, les Pouilles et la civilisation arabo-musulmane. 847 – 871 modifier - modifier le code - voir Wikidata (aide) L'émirat de Bari fut un émirat situé dans le Sud de l'Italie à Bari de 847 à 871. Malgré sa courte durée, il constitue l'épisode le plus long de la présence musulmane dans le Sud de l'Italie avec son puissant voisin l'émirat de Sicile[1]. Bari est devenue l'objectif des Berbèr
International_Standard_Book_Number	0		International Standard Book Number: Ne pas confondre avec International Standard Serial Number (ISSN) pour les journaux et revues. modifier - modifier le code - modifier Wikidata L'International Standard Book Number (ISBN) ou Numéro international normalisé du livre est un numéro internationalement reconnu, créé en 1970, identifiant de manière unique chaque édition de chaque livre publié[1],[2] postérieurement à l’introduction de l’ISBN, quel que soit son support[3]. Cet identifiant
1960_en_philosophie	0		1960 en philosophie: Afrique du Sud, Algérie, Angola, Bénin, Botswana, Burkina Faso, Burundi, Cameroun, Cap-Vert, République centrafricaine, Comores, République du Congo, République démocratique du Congo, Côte d'Ivoire, Djibouti, Égypte, Érythrée, Éthiopie, Gabon, Gambie, Ghana, Guinée, Guinée-Bissau, Guinée équatoriale, Kenya, Lesotho, Liberia, Libye, Madagascar, Malawi, Mali, Mauritanie, Maurice, Maroc, Mozambique, Namibie, Niger, Nigeria, Ouganda, Rwanda, Sahara o
Diaspora	0		Diaspora: Pour les articles homonymes, voir Diaspora (homonymie). Une diaspora est la dispersion d’une communauté ethnique ou d’un peuple à travers le monde[1]. À l'origine, ce terme ne recouvrait que le phénomène de dispersion proprement dit. Aujourd'hui, par extension, il désigne aussi l'ensemble des membres d'une communauté à travers plusieurs pays. Le grec διασπορά / diasporá signifie « dispersion[2] », apparenté à σπορά / sporá, « ensemencement », du 
6_janvier	0		6 janvier: 
Bihari	0		Langues biharies: Pour les articles homonymes, voir Bihari (homonymie). Cet article est une ébauche concernant une langue et l’Inde. Les langues biharies constituent une famille de langues indo-aryennes (dans leur sous-groupe oriental), parlées principalement au Bihar suivi d'Uttar Pradesh et du Jharkhand dans le nord-est de l’Inde ainsi qu'au Madhesh, Gandaki et Lumbini dans les régions frontalières du Népal, qui comprennent notamment le bhodjpouri, le maïthili e
Arabe_najdi	0		Arabe najdi: L'arabe najdi ou arabe du Najd (en arabe : اللهجة النجدية) est un groupe de variétés arabes originaires de la région du Najd en Arabie saoudite. En raison de la migration, plusieurs régions situées à l'extérieur du Najd, notamment les régions de l'Est, d'Al Jawf, de Najran et du Nord, parlent de nos jours principalement le najdi. En dehors de l'Arabie saoudite, il est aussi la principale variété arabe parlée dans le désert syrien de l'Irak, de la
Régis_Blachère	0		Régis Blachère: Pour les articles homonymes, voir Blachère. modifier - modifier le code - modifier Wikidata Régis Blachère, né à Montrouge le 30 juin 1900 et mort à Paris le 7 août 1973[1], est un orientaliste, islamologue et arabisant français. La famille de Régis Blachère déménage au Maroc en 1915, où il commence l'étude de l'arabe. Il achève ses études secondaires au lycée de Casablanca. Encouragé par Henri Massé, il entreprend des études d'arabe et d'islamol
Université_de_Namur	0		Université de Namur: Pour les articles homonymes, voir Notre-Dame-de-la-Paix. Herman Meganck SJ modifier - modifier le code - modifier Wikidata L'Université de Namur (UNamur) est une institution d'enseignement supérieur universitaire catholique subventionnée par la Fédération Wallonie-Bruxelles sise à Namur. Fondée en 1831 par les jésuites comme collège secondaire, dans les bâtiments restaurés de l'ancienne abbaye bénédictine de la Paix-Notre-Dame à Namur elle se dév
1960_à_la_télévision	0		1960 à la télévision: Cet article est une ébauche concernant la chronologie de la télévision. Afrique du Sud, Algérie, Angola, Bénin, Botswana, Burkina Faso, Burundi, Cameroun, Cap-Vert, République centrafricaine, Comores, République du Congo, République démocratique du Congo, Côte d'Ivoire, Djibouti, Égypte, Érythrée, Éthiopie, Gabon, Gambie, Ghana, Guinée, Guinée-Bissau, Guinée équatoriale, Kenya, Lesotho, Liberia, Libye, Madagascar, Malawi, Mali, Mauritanie, Mauric
Hayato_Ikeda	0		Hayato Ikeda: Pour les articles homonymes, voir Ikeda. Hayato Ikeda (池田 勇人, Ikeda Hayato?, 3 décembre 1899 – 13 août 1965) est un homme d'État japonais. Membre du Parti libéral-démocrate, il est Premier ministre du Japon de 1960 à 1964[1]. Né à Yoshina (actuelle Takehara) dans la préfecture de Hiroshima, Hayato Ikeda fait carrière en tant que fonctionnaire au ministère des Finances. Brièvement vice-ministre des Finances entre 1947 et 1948, avant de démissionne
Argentine	0		Argentine: 
Maltais	0		Maltais: Vous lisez un « article de qualité » labellisé en 2011. Pour les articles homonymes, voir Maltais (homonymie). L-Artiklu 1. Le maltais (en maltais : Malti) est une langue chamito-sémitique (ou afro-asiatique) appartenant plus spécifiquement à la famille des langues sémitiques. Elle est rattachée à l'arabe maghrébin[1],[2]. Elle est la seule langue nationale de Malte et, avec l'anglais, une des deux langues officielles du pays ; elle est aussi une
Conseil_international_des_sciences_sociales	0		Conseil international des sciences sociales: Pour les articles homonymes, voir CISS. modifier - modifier le code - modifier Wikidata Le Conseil international des sciences sociales (CISS ; en l'anglais International Social Science Council, ISSC) est une organisation internationale fondée en 1952 par l'UNESCO et visant à « dynamiser l'action au sein et au-delà des sciences sociales »[1]. Pour ce faire, l'organisme, entre autres, soutient des infrastructures liées aux sciences sociales, princi
IIIe_millénaire	0		IIIe millénaire: Cet article est une ébauche concernant une chronologie ou une date. XXIe siècle • XXIIe siècle • XXIIIe siècle • XXIVe siècle • XXVe siècle XXVIe siècle • XXVIIe siècle • XXVIIIe siècle • XXIXe siècle • XXXe siècle Liste de chronologies par périodes • Liste des siècles Le IIIe millénaire du calendrier grégorien a commencé le 1er janvier 2001 et se terminera le 31 décembre 3000. Il s'étend entre les jours juliens 2 451 910,5 à 2 817 152,5 inclus[1
Arabe_(homonymie)	0		Arabe (homonymie): Pour l’article ayant un titre homophone, voir Arab (homonymie). Cette page d’homonymie répertorie les différents sujets et articles portant le même nom. Sur les autres projets Wikimedia : Arabes ou arabe peut désigner :
Calendrier_grégorien	0		Calendrier grégorien: Les informations figurant dans cet article ou cette section doivent être reliées aux sources mentionnées dans les sections « Bibliographie », « Sources » ou « Liens externes » (mars 2026). Ne doit pas être confondu avec Réforme grégorienne. Le calendrier grégorien est un calendrier solaire conçu à la fin du XVIe siècle pour prendre en compte la dérive séculaire du calendrier julien alors en usage. À la demande du pape Grégoire XIII, des mathémati
Étiquette_d'identification_de_langues_IETF	0		Étiquette d'identification de langues IETF: Les étiquettes d’identification de langues IETF (où le sigle désigne l'Internet Engineering Task Force) sont issues d’un code standardisé qui permet d’attribuer des étiquettes structurées et hiérarchisées permettant d’identifier les langues ou familles et collections de langues ou variétés linguistiques de ces langues. Elles peuvent étiqueter tout type de données de localisation dépendantes de la langue et d'autres paramètres de nature linguistiq
Arabe_tchadien	0		Arabe tchadien: Cet article est une ébauche concernant la langue arabe et le Tchad ou le bassin tchadien. L'arabe tchadien, appelé aussi Kalam arabe, est la variété dialectale de la langue arabe parlée au Tchad, au Cameroun, au Nigéria, au Niger et au Soudan. Elle est la langue maternelle de plus de 40% de la population tchadienne. Elle joue également le rôle de langue véhiculaire dans la région. L'accent est très particulier, propre à certaines régions du Tchad
Moniteur_belge	0		Moniteur belge: Pour les articles homonymes, voir Le Moniteur. Supplément(s) Annexes, avis et annonces modifier - modifier le code - voir Wikidata (aide) Le Moniteur belge (en allemand : Belgisches Staatsblatt ; en néerlandais : Belgisch Staatsblad) est le journal officiel publiant les lois et autres textes réglementaires de l'État belge. Il doit son nom au Moniteur universel, le journal officiel français à l'époque de la création de la Belgique (sous la monarch
Tatar	0		Tatar: Cet article concerne la langue tatare. Pour le peuple tatar, voir Tatars. Pour les articles homonymes, voir Tatar (homonymie). Le tatar (auto-désignation : татар теле, tatar tele, ou татарча, tatarça) est une langue appartenant au groupe des langues turciques de la famille des langues altaïques parlée principalement en Russie, notamment au Tatarstan (ou république du Tatarstan), où elle est langue officielle. Il est parlé en Europe de l'Est et en
Jacques_Leclerc_(linguiste)	0		Jacques Leclerc (linguiste): Pour les articles homonymes, voir Jacques Leclerc et Leclerc. modifier - modifier le code - modifier Wikidata Jacques Leclerc est un linguiste, un sociolinguiste et un ancien professeur à la retraite. Il est spécialiste en aménagement linguistique. Il est né en 1943 au Québec[1]. Ayant obtenu son diplôme en linguistique à l’Université de Montréal, il a enseigné à cette université ainsi qu’au Collège de Bois-de-Boulogne et à l’Université Laval. Ch
Université_de_Nancy	0		Université de Lorraine: Cet article ne s'appuie pas, ou pas assez, sur des sources secondaires ou tertiaires (février 2022). 9-12e/85 ARWU (2023)22e/85 THE (2022) 201-300e/1 000 ARWU (2022)601-800e/1 600 THE (2022) modifier - modifier le code - modifier Wikidata L’université de Lorraine est une université française remontant à 1572, année de la fondation de l'université de Pont-à-Mousson, qui est transférée en 1769 à Nancy et rétablie en 1852. Située principalement à Na
Arabe_mésopotamien	0		Arabe mésopotamien: L’arabe mésopotamien, aussi appelé arabe irakien (en arabe : irāqi), est un continuum de variétés arabes mutuellement intelligible originaire du bassin mésopotamien d’Irak et présent également en Syrie[2], en Iran[2], dans le sud-est de la Turquie (Kurdistan)[3], et parlé dans les communautés de la diaspora irakienne. L’araméen était la lingua franca en Mésopotamie du début du premier millénaire av. J.-C. jusqu’à la fin du premier millénaire aprè
Gray_(Haute-Saône)	0		Gray (Haute-Saône): 
Taha_Hussein	0		Taha Hussein: Pour les articles homonymes, voir Hussein. modifier - modifier le code - modifier Wikidata Taha Hussein (arabe : طه حسين), né le 14 novembre 1889 à Al-Minya et mort le 28 octobre 1973 au Caire est un universitaire, romancier, essayiste et critique littéraire égyptien[1]. Il a perdu la vue enfant, à la suite d'une ophtalmie mal soignée[2]. Il fut ministre de l'Éducation nationale entre janvier 1950 et janvier 1952[3]. Il est né au sein d'une famil
Alphabet_phonétique_international	0		Alphabet phonétique international: Pour les articles homonymes, voir API. Cette page contient des caractères spéciaux ou non latins. S’ils s’affichent mal (▯, ?, etc.), consultez la page d’aide Unicode. Cet article peut contenir un travail inédit ou des déclarations non vérifiées (février 2026). L'alphabet phonétique international (API) est un alphabet utilisé pour la transcription des sons du langage parlé. Contrairement aux nombreuses autres méthodes de transcription qui se limi
20_août	0		20 août: 
Alain_Rey	0		Alain Rey: Pour les articles homonymes, voir Rey. modifier - modifier le code - modifier Wikidata Alain Rey (de son nom complet Alain Marie Rey), né le 30 août 1928 à Pont-du-Château (Puy-de-Dôme) et mort le 28 octobre 2020 à Paris, est un linguiste, lexicographe et écrivain français. Il est membre de l'équipe éditoriale puis rédacteur en chef des publications des Dictionnaires Le Robert, de 1967 jusqu'à sa mort. Il dirige notamment la rédaction du Dictionn
Toubou	0		Toubous: modifier Les Toubous, ou Gouran, sont un peuple du Sahara central pratiquant le pastoralisme et le nomadisme. Leur territoire a son centre de gravité dans le nord du Tchad, où ils sont les plus nombreux, et s'étend au sud de la Libye et au nord-est du Niger. Ils parlent le toubou, une langue nilo-saharienne, proche du kanuri. Ils sont divisés principalement en deux grands groupes qui ont chacun sa zone d'implantation : les Teda (dans le Tibesti, 
Sorbonne	0		Sorbonne: 
New_York	0		New York: 
11_mai	0		11 mai: 
Daloa	0		Daloa: 
Université_Yonsei	0		Université Yonsei: Cet article est une ébauche concernant une université et Séoul. modifier - modifier le code - modifier Wikidata L'université Yonsei (hangeul : 연세대학교 ; hanja : 延世大學校) est une université privée chrétienne située à Séoul, en Corée du Sud. Elle fait partie des universités SKY. Cet acronyme vient des initiales des trois plus prestigieuses universités du pays avec l'université nationale de Séoul (S) et l'université de Corée (K), et Yonsei (Y). L'univer
Massacre_de_Sharpeville	0		Massacre de Sharpeville: Le massacre de Sharpeville est un épisode de répression policière dans l'Afrique du Sud durant l'apartheid. Il a eu lieu le 21 mars 1960 à Sharpeville, un township (nom donné à une banlieue noire) de Vereeniging, dans le Transvaal, et s'est soldé par la mort de 69 manifestants noirs. Des recherches plus récentes, menées dans les années 2020, ont actualisé le nombre de victimes à 91 personnes tuées ou mortes des suites de leurs blessures et à au m
Décès_en_1960	0		Décès en 1960: Décès Cet article présente une liste de personnalités mortes au cours de l'année 1960.  Les mois de l'année font également l'objet de listes spécifiques :
Arabe_dialectal	0		Arabe dialectal: L'arabe dialectal ou la darija, en arabe  ou ٱلْعَرَبِيَّة العامية / al-ʿarabiyyah al-ʿāmmiyya (« arabe familier », dans de nombreux pays arabes) ou ٱلْعَرَبِيَّة ٱلدَّارِجَة / al-ʿarabiyyah ad-dārijah (« arabe commun », au Maghreb), est l'ensemble des dialectes arabes résultant d'une interférence linguistique entre l'arabe et les langues locales ou voisines. Cette interférence résulte d'une arabisation ou d'une influence culturelle due principal
Charles_Sanders_Peirce	0		Charles Sanders Peirce: Pour les articles homonymes, voir Sanders et Peirce. modifier - modifier le code - modifier Wikidata Charles Sanders Peirce (prononcé en anglais : /pɜ:rs/), né le 10 septembre 1839 à Cambridge dans le Massachusetts et mort le 19 avril 1914 à Milford en Pennsylvanie, est un sémiologue et philosophe américain. Il est considéré comme le fondateur du courant pragmatiste, avec William James, et, avec Ferdinand de Saussure, comme l'un des deux pères de
1960_en_musique_classique	0		1960 en musique classique: Afrique du Sud, Algérie, Angola, Bénin, Botswana, Burkina Faso, Burundi, Cameroun, Cap-Vert, République centrafricaine, Comores, République du Congo, République démocratique du Congo, Côte d'Ivoire, Djibouti, Égypte, Érythrée, Éthiopie, Gabon, Gambie, Ghana, Guinée, Guinée-Bissau, Guinée équatoriale, Kenya, Lesotho, Liberia, Libye, Madagascar, Malawi, Mali, Mauritanie, Maurice, Maroc, Mozambique, Namibie, Niger, Nigeria, Ouganda, Rwanda, Sahara o
Groupe_Bayard	0		Groupe Bayard: Pour les articles homonymes, voir Bayard. Cet article concernant la presse écrite ou les médias en général doit être recyclé (juin 2019). Bayard est un groupe français de presse, d'édition et d'audiovisuel créé en 1873 et détenu par la congrégation religieuse catholique des Augustins de l'Assomption. Il est notamment l'éditeur du quotidien La Croix, des magazines Le Pèlerin et Notre Temps, de Bayard Jeunesse (Pomme d'Api, Youpi, Babar, J'aime lir
Université_de_Cordoba	0		Université nationale de Córdoba: Cet article est une ébauche concernant une université et l’Argentine. Ne doit pas être confondu avec Université de Cordoue. modifier - modifier le code - modifier Wikidata L'université nationale de Córdoba (en espagnol Universidad Nacional de Córdoba), fondée en 1613, est la plus ancienne université de l'Argentine et une des premières en Amérique. Elle fut officiellement autorisée à délivrer des diplômes par Philippe IV, roi d'Espagne, en 1622.
1960_en_Grèce	0		1960 en Grèce: Chronologie de la Grèce Afrique du Sud, Algérie, Angola, Bénin, Botswana, Burkina Faso, Burundi, Cameroun, Cap-Vert, République centrafricaine, Comores, République du Congo, République démocratique du Congo, Côte d'Ivoire, Djibouti, Égypte, Érythrée, Éthiopie, Gabon, Gambie, Ghana, Guinée, Guinée-Bissau, Guinée équatoriale, Kenya, Lesotho, Liberia, Libye, Madagascar, Malawi, Mali, Mauritanie, Maurice, Maroc, Mozambique, Namibie, Niger, Nigeria, O
Migration_forcée	0		Migration forcée: modifier La migration forcée, ou le déplacement forcé de population, est la migration de personnes contraintes de quitter leur région d'origine. Le Haut Commissariat des Nations unies pour les réfugiés décrit le déplacement forcé comme une population qui « a été forcée, en raison des guerres, des conflits et de la persécution, de fuir son foyer en quête de sécurité quelque part dans son pays ou dans un autre pays »[2]. En 2019, les migrations et 
Parlers_hilaliens	0		Parlers hilaliens: Cet article est une ébauche concernant la langue arabe et le Maghreb. Les parlers hilaliens sont un ensemble de dialectes arabes du Maghreb, où ils ont été introduits lors des invasions hilaliennes, entre les XIe et XIIe siècles, ainsi que l'implantation ultérieure de certaines tribus hilaliennes dans les plaines du Maghreb occidental. Ils ont supplanté dans diverses aires les parlers locaux, berbères ou pré-hilaliens. On dit parler hilalien en r
Empire_britannique	0		Empire britannique: 1603–1997(394 ans) Entités précédentes : Entités suivantes : modifier - modifier le code - voir Wikidata (aide) L'Empire britannique (en anglais : British Empire), ou empire colonial britannique, est l'ensemble des territoires qui, sous des statuts divers (colonies, protectorats, dominions, mandats, tutelles) ont été gouvernés ou administrés du début du XVIIe à la fin du XXe siècle par l'Angleterre (empire colonial anglais), puis le Royaume-Uni (
Église_catholique	0		Église catholique: Cet article concerne les structures de l'Église catholique en tant qu'institution, dont font partie les Églises catholiques orientales. Pour la religion, voir catholicisme. Pour sa composition, voir Composition de l'Église catholique. Pour son histoire, voir Histoire de l'Église catholique. Pour les articles homonymes, voir Église catholique (homonymie). L'Église catholique (dite Église catholique romaine ou Église catholique apostolique et romai
Sémantique	0		Sémantique: Cet article est une ébauche concernant la linguistique. Vous pouvez partager vos connaissances en l’améliorant (comment ?) selon les recommandations des projets correspondants. La sémantique est l'étude de la signification linguistique à travers les langues. Branche centrale de la linguistique, la sémantique étudie notamment comment les expressions linguistiques sont construites à partir des différents constituants qui les composent, tels que les
13_décembre	0		13 décembre: 
Somali	0		Somali: Pour les articles homonymes, voir Somali (homonymie). Qod I Le somali (Af-Soomaali en somali, prononcé /æf sɔːˈmɑːli/) est une langue chamito-sémitique de la famille des langues couchitiques. Elle est parlée par plus de 35 millions de locuteurs, essentiellement dans la Corne de l'Afrique. Avec l'arabe, le somali est une langue officielle de la Somalie. À Djibouti, le somali a le statut de « langue nationale ». Il existe plusieurs dialectes somali
Université_Stanford	0		Université Stanford: modifier - modifier le code - modifier Wikidata La Leland Stanford Junior University, plus connue sous le nom d'université Stanford, est une université américaine privée, située dans la Silicon Valley au sud de San Francisco. Sa devise est « Die Luft der Freiheit weht » qui signifie en allemand « Le vent de la liberté souffle »[1]. Arrivant parmi les premières universités au monde dans la plupart des classements internationaux, elle jouit d'un gr
Université_de_Toulouse_(1229-1969)	0		Université de Toulouse (1229-1969): Cet article concerne l'université de Toulouse qui a existé entre 1229 et 1793 et entre 1896 et 1969. Pour les pages sur les universités actuelles, voir Université de Toulouse (2025), Université Toulouse-Capitole et Université Toulouse-Jean-Jaurès. Ne doit pas être confondu avec Institut catholique de Toulouse. Pour la ComUE, voir Communauté d'universités et établissements de Toulouse Pour les articles homonymes, voir université de Toulouse. modif
Université_de_Kairouan	0		Université de Kairouan: Cet article est une ébauche concernant une université tunisienne. modifier - modifier le code - modifier Wikidata L'université de Kairouan (arabe : جامعة القيروان) est une université tunisienne fondée le 2 septembre 2004 et basée à Kairouan.
Eudoxie_(épouse_de_Théodose_II)	0		Eudoxie (épouse de Théodose II): Pour les articles homonymes, voir Eudoxie et Eudocie. Eudocie, parfois orthographié Eudoxie (en latin : Ælia Licinia Eudoxia), née vers 400 et morte en 460, est une impératrice byzantine et une femme de lettres du Ve siècle. Protégée de Pulchérie, la sœur de l’empereur Théodose II, elle épouse celui-ci en 421. Son influence croissante auprès de son mari finit par lui valoir l'inimitié de Pulchérie et sa disgrâce en 439. Fille du rhéteur athénien 
Grèce_antique	0		Grèce antique: «  Anciens Grecs » redirige ici. Ne pas confondre avec Grec ancien. La Grèce antique est une civilisation de l'Antiquité des peuples de langue et de culture grecques développée en Grèce et dans la partie occidentale de l'Asie Mineure, puis, à la suite de plusieurs phases d'expansion, à Chypre, sur le pourtour de la mer Noire, en Sicile, en Italie du sud, en Cyrénaïque, en Égypte, au Levant méridional, en Syrie, constituant des points d'implantati
